﻿<?xml version="1.0" encoding="utf-8" ?>
<hermeticus name="IOStatsByFile" level="Database" folder="Databases"
	xmlns:xsi="http://www.w3.org/2001/XMLSchema-instance" xsi:noNamespaceSchemaLocation="Corpus.xsd">
  <header>
    <description lang="fr" tooltip="Statistiques IO par fichiers de bases de données" label="IO par fichiers" />
    <description lang="en" tooltip="IO statistics per database file" label="IO per file" />
  </header>
  <queries>
    <query versionMajor="*">
      <![CDATA[
SELECT DB_NAME(DB_ID()) AS [Database Name], df.name AS [Logical Name], vfs.[file_id], 
df.physical_name AS [Physical Name], vfs.num_of_reads, vfs.num_of_writes, vfs.io_stall_read_ms, vfs.io_stall_write_ms,
CAST(100. * vfs.io_stall_read_ms/(vfs.io_stall_read_ms + vfs.io_stall_write_ms) AS DECIMAL(10,1)) AS [IO Stall Reads Pct],
CAST(100. * vfs.io_stall_write_ms/(vfs.io_stall_write_ms + vfs.io_stall_read_ms) AS DECIMAL(10,1)) AS [IO Stall Writes Pct],
(vfs.num_of_reads + vfs.num_of_writes) AS [Writes + Reads], 
CAST(vfs.num_of_bytes_read/1048576.0 AS DECIMAL(10, 2)) AS [MB Read], 
CAST(vfs.num_of_bytes_written/1048576.0 AS DECIMAL(10, 2)) AS [MB Written],
CAST(100. * vfs.num_of_reads/(vfs.num_of_reads + vfs.num_of_writes) AS DECIMAL(10,1)) AS [# Reads Pct],
CAST(100. * vfs.num_of_writes/(vfs.num_of_reads + vfs.num_of_writes) AS DECIMAL(10,1)) AS [# Write Pct],
CAST(100. * vfs.num_of_bytes_read/(vfs.num_of_bytes_read + vfs.num_of_bytes_written) AS DECIMAL(10,1)) AS [Read Bytes Pct],
CAST(100. * vfs.num_of_bytes_written/(vfs.num_of_bytes_read + vfs.num_of_bytes_written) AS DECIMAL(10,1)) AS [Written Bytes Pct]
FROM sys.dm_io_virtual_file_stats(DB_ID(), NULL) AS vfs
INNER JOIN sys.database_files AS df WITH (NOLOCK)
ON vfs.[file_id]= df.[file_id] OPTION (RECOMPILE);
]]>
    </query>
  </queries>
 </hermeticus>
