﻿<?xml version="1.0" encoding="utf-8" ?>
<hermeticus name="IOStalls" level="Server" folder="Performances"
	xmlns:xsi="http://www.w3.org/2001/XMLSchema-instance" xsi:noNamespaceSchemaLocation="Corpus.xsd">
  <header>
    <description lang="fr" tooltip="Attentes IO" label="IO Stalls" />
    <description lang="en" tooltip="IO waits" label="IO Stalls" />
  </header>
  <queries>
    <query versionMajor="*">
      <![CDATA[
SELECT DB_NAME(fs.database_id) AS [Database Name], CAST(fs.io_stall_read_ms/(1.0 + fs.num_of_reads) AS NUMERIC(10,1)) AS [avg_read_stall_ms],
CAST(fs.io_stall_write_ms/(1.0 + fs.num_of_writes) AS NUMERIC(10,1)) AS [avg_write_stall_ms],
CAST((fs.io_stall_read_ms + fs.io_stall_write_ms)/(1.0 + fs.num_of_reads + fs.num_of_writes) AS NUMERIC(10,1)) AS [avg_io_stall_ms],
CONVERT(DECIMAL(18,2), mf.size/128.0) AS [File Size (MB)], mf.physical_name, mf.type_desc, fs.io_stall_read_ms, fs.num_of_reads, 
fs.io_stall_write_ms, fs.num_of_writes, fs.io_stall_read_ms + fs.io_stall_write_ms AS [io_stalls], fs.num_of_reads + fs.num_of_writes AS [total_io]
FROM sys.dm_io_virtual_file_stats(null,null) AS fs
INNER JOIN sys.master_files AS mf WITH (NOLOCK)
ON fs.database_id = mf.database_id
AND fs.[file_id] = mf.[file_id]
ORDER BY avg_io_stall_ms DESC OPTION (RECOMPILE)
]]>  
    </query>
  </queries>
 </hermeticus>
