﻿<?xml version="1.0" encoding="utf-8" ?>
<hermeticus name="IOWarnings" level="Server" folder="Performances"
	xmlns:xsi="http://www.w3.org/2001/XMLSchema-instance" xsi:noNamespaceSchemaLocation="Corpus.xsd">
  <header>
    <description lang="fr" tooltip="Avertissements IO" label="Avertissements IO" />
    <description lang="en" tooltip="IO warnings" label="IO warnings" />
  </header>
  <queries>
    <query versionMajor="*">
      <![CDATA[
CREATE TABLE #IOWarningResults(LogDate datetime, ProcessInfo sysname, LogText nvarchar(1000));

	INSERT INTO #IOWarningResults
	EXEC xp_readerrorlog 0, 1, N'taking longer than 15 seconds';

	INSERT INTO #IOWarningResults
	EXEC xp_readerrorlog 1, 1, N'taking longer than 15 seconds';

	INSERT INTO #IOWarningResults
	EXEC xp_readerrorlog 2, 1, N'taking longer than 15 seconds';

	INSERT INTO #IOWarningResults
	EXEC xp_readerrorlog 3, 1, N'taking longer than 15 seconds';

	INSERT INTO #IOWarningResults
	EXEC xp_readerrorlog 4, 1, N'taking longer than 15 seconds';

SELECT LogDate, ProcessInfo, LogText
FROM #IOWarningResults
ORDER BY LogDate DESC
]]>
    </query>
  </queries>
 </hermeticus>
