﻿<?xml version="1.0" encoding="utf-8" ?>
<hermeticus name="LastBackup" level="Server" folder="Databases"
	xmlns:xsi="http://www.w3.org/2001/XMLSchema-instance" xsi:noNamespaceSchemaLocation="Corpus.xsd">
  <header>
    <description lang="fr" tooltip="Dernières sauvegardes détaillées" label="Dernières sauvegardes" />
    <description lang="en" tooltip="detailed info about last backups" label="Last backups" />
  </header>
  <queries>
    <query versionMajor="*">
      <![CDATA[
SELECT  
   A.[Server],  
   A.last_db_backup_date,  
   B.backup_start_date,  
   B.expiration_date, 
   B.backup_size,  
   B.logical_device_name,  
   B.physical_device_name,   
   B.backupset_name, 
   B.description 
FROM 
   ( 
   SELECT   
       CONVERT(CHAR(100), SERVERPROPERTY('Servername')) AS Server, 
       msdb.dbo.backupset.database_name,  
       MAX(msdb.dbo.backupset.backup_finish_date) AS last_db_backup_date 
   FROM    msdb.dbo.backupmediafamily  
       INNER JOIN msdb.dbo.backupset ON msdb.dbo.backupmediafamily.media_set_id = msdb.dbo.backupset.media_set_id 
   WHERE   msdb..backupset.type = 'D' 
   GROUP BY 
       msdb.dbo.backupset.database_name  
   ) AS A 
    
   LEFT JOIN  

   ( 
   SELECT   
   CONVERT(CHAR(100), SERVERPROPERTY('Servername')) AS Server, 
   msdb.dbo.backupset.database_name,  
   msdb.dbo.backupset.backup_start_date,  
   msdb.dbo.backupset.backup_finish_date, 
   msdb.dbo.backupset.expiration_date, 
   msdb.dbo.backupset.backup_size,  
   msdb.dbo.backupmediafamily.logical_device_name,  
   msdb.dbo.backupmediafamily.physical_device_name,   
   msdb.dbo.backupset.name AS backupset_name, 
   msdb.dbo.backupset.description 
FROM   msdb.dbo.backupmediafamily  
   INNER JOIN msdb.dbo.backupset ON msdb.dbo.backupmediafamily.media_set_id = msdb.dbo.backupset.media_set_id  
WHERE  msdb..backupset.type = 'D' 
   ) AS B 
   ON A.[server] = B.[server] AND A.[database_name] = B.[database_name] AND A.[last_db_backup_date] = B.[backup_finish_date] 
ORDER BY  
   A.database_name; 
]]>  
    </query>
  </queries>
 </hermeticus>
