﻿<?xml version="1.0" encoding="utf-8" ?>
<hermeticus name="LatchStats" level="Server" folder="Performances"
	xmlns:xsi="http://www.w3.org/2001/XMLSchema-instance" xsi:noNamespaceSchemaLocation="Corpus.xsd">
  <header>
    <description lang="fr" tooltip="Statistiques cumulées des latches" label="Stats de latches" />
    <description lang="en" tooltip="Cumulated stats about latches" label="Stats de latches" />
  </header>
  <queries>
    <query versionMajor="*">
      <![CDATA[
WITH [Latches] AS
    (SELECT
        [latch_class],
        [wait_time_ms] / 1000.0 AS [WaitS],
        [waiting_requests_count] AS [WaitCount],
        100.0 * [wait_time_ms] / SUM ([wait_time_ms]) OVER() AS [Percentage],
        ROW_NUMBER() OVER(ORDER BY [wait_time_ms] DESC) AS [RowNum]
    FROM sys.dm_os_latch_stats
    WHERE [latch_class] NOT IN (
        N'BUFFER')
    AND [wait_time_ms] > 0
    )
SELECT
    [W1].[latch_class] AS [LatchClass], 
    CAST ([W1].[WaitS] AS DECIMAL(14, 2)) AS [Wait_S],
    [W1].[WaitCount] AS [WaitCount],
    CAST ([W1].[Percentage] AS DECIMAL(14, 2)) AS [Percentage],
    CAST (([W1].[WaitS] / [W1].[WaitCount]) AS DECIMAL (14, 4)) AS [AvgWait_S]
FROM [Latches] AS [W1]
INNER JOIN [Latches] AS [W2]
    ON [W2].[RowNum] <= [W1].[RowNum]
WHERE [W1].[WaitCount] > 0
GROUP BY [W1].[RowNum], [W1].[latch_class], [W1].[WaitS], [W1].[WaitCount], [W1].[Percentage]
HAVING SUM ([W2].[Percentage]) - [W1].[Percentage] < 95; -- percentage threshold
]]>
    </query>
  </queries>
 </hermeticus>
