﻿<?xml version="1.0" encoding="utf-8" ?>
<hermeticus name="MissingIndexWarnings" level="Database" folder="Databases"
	xmlns:xsi="http://www.w3.org/2001/XMLSchema-instance" xsi:noNamespaceSchemaLocation="Corpus.xsd">
  <header>
    <description lang="fr" tooltip="Recherche d'avetissements d'index manqaunts dans la base courante" label="Avertissements Missing Index" />
    <description lang="en" tooltip="Find missing index warnings for cached plans in the current database" label="Missing Index warnings" />
  </header>
  <queries>
    <query versionMajor="11-*">
      <![CDATA[
SELECT TOP(25) OBJECT_NAME(objectid) AS [ObjectName], 
               query_plan, cp.objtype, cp.usecounts
FROM sys.dm_exec_cached_plans AS cp WITH (NOLOCK)
CROSS APPLY sys.dm_exec_query_plan(cp.plan_handle) AS qp
WHERE CAST(query_plan AS NVARCHAR(MAX)) LIKE N'%MissingIndex%'
AND dbid = DB_ID()
ORDER BY cp.usecounts DESC OPTION (RECOMPILE);
]]>
    </query>
  </queries>
 </hermeticus>
