﻿<?xml version="1.0" encoding="utf-8" ?>
<hermeticus name="PlanCacheBloat" level="Server" folder="Queries"
	xmlns:xsi="http://www.w3.org/2001/XMLSchema-instance" xsi:noNamespaceSchemaLocation="Corpus.xsd">
  <header>
    <description lang="fr" tooltip="Analyse de l'utilisation du cache de plans" label="Plans en cache" />
    <description lang="en" tooltip="Plan cache analysis" label="Plan cache analysis" />
  </header>
  <queries>
    <query versionMajor="*">
      <![CDATA[
SELECT 'total' as type, cp.cacheobjtype, cp.objtype, SUM(cp.size_in_bytes/1024.00) / 1024 AS [Plan Size in MB]
FROM sys.dm_exec_cached_plans AS cp WITH (NOLOCK)
CROSS APPLY sys.dm_exec_sql_text(plan_handle) 
GROUP BY cp.cacheobjtype, cp.objtype
UNION ALL
SELECT 'usecounts_1' as type, cp.cacheobjtype, cp.objtype, SUM(cp.size_in_bytes/1024.00) / 1024 AS [Plan Size in MB]
FROM sys.dm_exec_cached_plans AS cp WITH (NOLOCK)
CROSS APPLY sys.dm_exec_sql_text(plan_handle) 
WHERE cp.usecounts = 1
GROUP BY cp.cacheobjtype, cp.objtype OPTION (RECOMPILE);
]]>  
    </query>
  </queries>
 </hermeticus>
