﻿<?xml version="1.0" encoding="utf-8" ?>
<hermeticus xmlns:xsi="http://www.w3.org/2001/XMLSchema-instance" xsi:noNamespaceSchemaLocation="Corpus.xsd"
  name="QueryStats" level="Server" folder="Performances">
  <header>
    <description lang="fr" tooltip="Stats générales des requêtes" label="Stats de requêtes" />
    <description lang="en" tooltip="General statistics of queries" label="Query Stats" />
  </header>
  <queries>
    <query versionMajor="*">
      SELECT TOP 100
      qs.execution_count,
      qs.total_logical_reads / qs.execution_count as average_logical_reads,
      qs.total_worker_time / qs.execution_count as average_worker_time,
      qs.last_rows,
      st.text,
      qp.query_plan,
      qs.creation_time,
      qs.last_execution_time,
      qs.total_worker_time,
      qs.last_worker_time,
      qs.min_worker_time,
      qs.max_worker_time,
      qs.total_logical_reads,
      qs.last_logical_reads,
      qs.min_logical_reads,
      qs.max_logical_reads,
      qs.total_logical_writes,
      qs.last_logical_writes,
      qs.min_logical_writes,
      qs.max_logical_writes,
      qs.total_elapsed_time,
      qs.last_elapsed_time,
      qs.min_elapsed_time,
      qs.max_elapsed_time,
      qs.total_clr_time,
      qs.last_clr_time,
      qs.min_clr_time,
      qs.max_clr_time,
      qs.total_rows,
      qs.min_rows,
      qs.max_rows
      FROM sys.dm_exec_query_stats qs
      CROSS APPLY sys.dm_exec_sql_text(qs.plan_handle) st
      CROSS APPLY sys.dm_exec_query_plan(qs.plan_handle) qp
      WHERE qs.execution_count > 1
      ORDER BY average_logical_reads DESC;
    </query>
  </queries>
</hermeticus>
