﻿<?xml version="1.0" encoding="utf-8" ?>
<hermeticus name="QueryExecutionCounts" level="Server" folder="Queries"
	xmlns:xsi="http://www.w3.org/2001/XMLSchema-instance" xsi:noNamespaceSchemaLocation="Corpus.xsd">
  <header>
    <description lang="fr" tooltip="Top cached queries by Execution Count" label="Requêtes par exécution" />
    <description lang="en" tooltip="Top cached queries by Execution Count" label="Queries by Execution Count" />
  </header>
  <queries>
    <query versionMajor="11-*">
      <![CDATA[
SELECT TOP (100) qs.execution_count, qs.total_rows, qs.last_rows, qs.min_rows, qs.max_rows,
qs.last_elapsed_time, qs.min_elapsed_time, qs.max_elapsed_time,
total_worker_time, total_logical_reads, 
SUBSTRING(qt.TEXT,qs.statement_start_offset/2 +1,
(CASE WHEN qs.statement_end_offset = -1
			THEN LEN(CONVERT(NVARCHAR(MAX), qt.TEXT)) * 2
	  ELSE qs.statement_end_offset END - qs.statement_start_offset)/2) AS query_text 
FROM sys.dm_exec_query_stats AS qs WITH (NOLOCK)
CROSS APPLY sys.dm_exec_sql_text(qs.sql_handle) AS qt
ORDER BY qs.execution_count DESC OPTION (RECOMPILE);
]]>
    </query>
  </queries>
 </hermeticus>
