﻿<?xml version="1.0" encoding="utf-8" ?>
<hermeticus name="SPAvgElapsedTime" level="Database" folder="Queries"
	xmlns:xsi="http://www.w3.org/2001/XMLSchema-instance" xsi:noNamespaceSchemaLocation="Corpus.xsd">
  <header>
    <description lang="fr" tooltip="Top Cached SPs By Avg Elapsed Time" label="Procédures par temps d'exécution" />
    <description lang="en" tooltip="Top Cached SPs By Avg Elapsed Time" label="SPs By Avg Elapsed Time" />
  </header>
  <queries>
    <query versionMajor="11-*">
      <![CDATA[
SELECT TOP(25) p.name AS [SP Name], qs.total_elapsed_time/qs.execution_count AS [avg_elapsed_time], 
qs.total_elapsed_time, qs.execution_count, ISNULL(qs.execution_count/DATEDIFF(Minute, qs.cached_time, 
GETDATE()), 0) AS [Calls/Minute], qs.total_worker_time/qs.execution_count AS [AvgWorkerTime], 
qs.total_worker_time AS [TotalWorkerTime], qs.cached_time
FROM sys.procedures AS p WITH (NOLOCK)
INNER JOIN sys.dm_exec_procedure_stats AS qs WITH (NOLOCK)
ON p.[object_id] = qs.[object_id]
WHERE qs.database_id = DB_ID()
ORDER BY avg_elapsed_time DESC OPTION (RECOMPILE);
]]>
    </query>
  </queries>
 </hermeticus>
