﻿<?xml version="1.0" encoding="utf-8" ?>
<hermeticus name="SPExecutionCounts" level="Database" folder="Queries"
	xmlns:xsi="http://www.w3.org/2001/XMLSchema-instance" xsi:noNamespaceSchemaLocation="Corpus.xsd">
  <header>
    <description lang="fr" tooltip="Top Cached SPs By Execution Count" label="Exécutions des procédures" />
    <description lang="en" tooltip="Top Cached SPs By Execution Count" label="SPs By Execution Count" />
  </header>
  <queries>
    <query versionMajor="11-*">
      <![CDATA[
SELECT TOP(100) p.name AS [SP Name], qs.execution_count,
ISNULL(qs.execution_count/DATEDIFF(Minute, qs.cached_time, GETDATE()), 0) AS [Calls/Minute],
qs.total_worker_time/qs.execution_count AS [AvgWorkerTime], qs.total_worker_time AS [TotalWorkerTime],  
qs.total_elapsed_time, qs.total_elapsed_time/qs.execution_count AS [avg_elapsed_time],
qs.cached_time
FROM sys.procedures AS p WITH (NOLOCK)
INNER JOIN sys.dm_exec_procedure_stats AS qs WITH (NOLOCK)
ON p.[object_id] = qs.[object_id]
WHERE qs.database_id = DB_ID()
ORDER BY qs.execution_count DESC OPTION (RECOMPILE);
]]>
    </query>
  </queries>
 </hermeticus>
