﻿<?xml version="1.0" encoding="utf-8" ?>
<hermeticus name="Sysadmin" level="Server" folder="Security"
	xmlns:xsi="http://www.w3.org/2001/XMLSchema-instance" xsi:noNamespaceSchemaLocation="Corpus.xsd">
  <header>
    <description lang="fr" label="Sysadmin" tooltip="sysadmin" />
    <description lang="en" label="Sysadmin" tooltip="sysadmin" />
  </header>
  <queries>
    <query versionMajor="*">
      <![CDATA[
SELECT  p.name AS LoginName ,
        p.type ,
        p.type_desc ,
        p.is_disabled,
        CONVERT(VARCHAR(10),p.create_date ,101) AS [created],
        CONVERT(VARCHAR(10),p.modify_date , 101) AS [update]
FROM    sys.server_principals p
JOIN sys.syslogins s ON p.sid = s.sid
WHERE   p.type_desc IN ('SQL_LOGIN', 'WINDOWS_LOGIN', 'WINDOWS_GROUP')
        -- Logins that are not process logins
        AND p.name NOT LIKE '##%'
        -- Logins that are sysadmins
        AND s.sysadmin = 1
ORDER BY LoginName
]]>
    </query>
  </queries>
 </hermeticus>
