﻿<?xml version="1.0" encoding="utf-8" ?>
<hermeticus name="TopIOStatements" level="Database" folder="Queries"
	xmlns:xsi="http://www.w3.org/2001/XMLSchema-instance" xsi:noNamespaceSchemaLocation="Corpus.xsd">
  <header>
    <description lang="fr" tooltip="Lists the top statements by average input/output usage for the current database" label="Requêtes à fort I/Os" />
    <description lang="en" tooltip="Lists the top statements by average input/output usage for the current database" label="High I/O queries" />
  </header>
  <queries>
    <query versionMajor="11-*">
      <![CDATA[
SELECT TOP(50) OBJECT_NAME(qt.objectid, dbid) AS [SP Name],
(qs.total_logical_reads + qs.total_logical_writes) /qs.execution_count AS [Avg IO], qs.execution_count AS [Execution Count],
SUBSTRING(qt.[text],qs.statement_start_offset/2, 
	(CASE 
		WHEN qs.statement_end_offset = -1 
	 THEN LEN(CONVERT(nvarchar(max), qt.[text])) * 2 
		ELSE qs.statement_end_offset 
	 END - qs.statement_start_offset)/2) AS [Query Text]	
FROM sys.dm_exec_query_stats AS qs WITH (NOLOCK)
CROSS APPLY sys.dm_exec_sql_text(qs.sql_handle) AS qt
WHERE qt.[dbid] = DB_ID()
ORDER BY [Avg IO] DESC OPTION (RECOMPILE);
]]>
    </query>
  </queries>
 </hermeticus>
