﻿<?xml version="1.0" encoding="utf-8" ?>
<hermeticus name="UntrustedConstraints" level="Database" folder="Databases"
	xmlns:xsi="http://www.w3.org/2001/XMLSchema-instance" xsi:noNamespaceSchemaLocation="Corpus.xsd">
  <header>
    <description lang="fr" tooltip="Contraintes auxquelles on ne peut pas faire confiance" label="Contraintes non sûres" />
    <description lang="en" tooltip="Untrusted constraints" label="Untrusted constraints" />
  </header>
  <queries>
    <query versionMajor="*">
      <![CDATA[
SELECT 
	OBJECT_NAME(parent_object_id) AS TableName,
    name AS ConstraintName
FROM sys.objects
WHERE type_desc = 'CHECK_CONSTRAINT'
AND OBJECTPROPERTY([object_id], 'CnstIsNotTrusted') = 1
ORDER BY TableName;
]]>  
    </query>
  </queries>
 </hermeticus>
