﻿<?xml version="1.0" encoding="utf-8" ?>
<hermeticus name="VLF" level="Database" folder="Databases"
	xmlns:xsi="http://www.w3.org/2001/XMLSchema-instance" xsi:noNamespaceSchemaLocation="Corpus.xsd">
  <header>
    <description lang="fr" tooltip="VLF" label="VLF" />
    <description lang="en" tooltip="VLF" label="VLF" />
  </header>
  <queries>
    <query versionMajor="11-*">
      <![CDATA[
CREATE TABLE #VLFInfo (RecoveryUnitID int, FileID  int,
					   FileSize bigint, StartOffset bigint,
					   FSeqNo      bigint, [Status]    bigint,
					   Parity      bigint, CreateLSN   numeric(38));
	 
CREATE TABLE #VLFCountResults(DatabaseName sysname, VLFCount int);
	 
EXEC sp_MSforeachdb N'Use [?]; 

				INSERT INTO #VLFInfo 
				EXEC sp_executesql N''DBCC LOGINFO([?])''; 
	 
				INSERT INTO #VLFCountResults 
				SELECT DB_NAME(), COUNT(*) 
				FROM #VLFInfo; 

				TRUNCATE TABLE #VLFInfo;'
	 
SELECT DatabaseName, VLFCount  
FROM #VLFCountResults
ORDER BY VLFCount DESC
]]>  
    </query>
  </queries>
 </hermeticus>
