﻿<?xml version="1.0" encoding="utf-8" ?>
<hermeticus name="VolumeInfos" level="Server" folder="Server"
	xmlns:xsi="http://www.w3.org/2001/XMLSchema-instance" xsi:noNamespaceSchemaLocation="Corpus.xsd">
  <header>
    <description lang="fr" tooltip="Utilisation des volumes" label="Info des volumes" />
    <description lang="en" tooltip="Volume Usage" label="Volume Usage" />
  </header>
  <queries>
    <query versionMajor="11-*">
      <![CDATA[
SELECT DISTINCT vs.volume_mount_point, vs.file_system_type,
vs.logical_volume_name, CONVERT(DECIMAL(18,2),vs.total_bytes/1073741824.0) AS [TotalSizeGB],
CONVERT(DECIMAL(18,2),vs.available_bytes/1073741824.0) AS [AvailableSizeGB],
CAST(CAST(vs.available_bytes AS FLOAT)/ CAST(vs.total_bytes AS FLOAT) AS DECIMAL(18,2)) * 100 AS [SpaceFree%]
FROM sys.master_files AS f WITH (NOLOCK)
CROSS APPLY sys.dm_os_volume_stats(f.database_id, f.[file_id]) AS vs OPTION (RECOMPILE);
]]>
    </query>
  </queries>
 </hermeticus>
